,Precision_100,Precision_200,Precision_300,Precision_400,Precision_500,Precision_600,Recall_100,Recall_200,Recall_300,Recall_400,Recall_500,Recall_600,AUC,AUPR
0,0.06,0.035,0.023333333333333334,0.025,0.02,0.018333333333333333,0.5,0.5833333333333334,0.5833333333333334,0.8333333333333334,0.8333333333333334,0.9166666666666666,0.8416051866756091,0.07489873721819586
