,Precision_100,Precision_200,Precision_300,Precision_400,Precision_500,Precision_600,Recall_100,Recall_200,Recall_300,Recall_400,Recall_500,Recall_600,AUC,AUPR
0,0.08,0.045,0.03333333333333333,0.025,0.02,0.016666666666666666,0.5333333333333333,0.6,0.6666666666666666,0.6666666666666666,0.6666666666666666,0.6666666666666666,0.7274090738657667,0.07355714767019425
