,Precision_100,Precision_200,Precision_300,Precision_400,Precision_500,Precision_600,Recall_100,Recall_200,Recall_300,Recall_400,Recall_500,Recall_600,AUC,AUPR
0,0.07,0.04,0.02666666666666667,0.0225,0.018,0.015,0.5,0.5714285714285714,0.5714285714285714,0.6428571428571429,0.6428571428571429,0.6428571428571429,0.7014670418006431,0.05816678560418046
